,feature_names,feature_importance
0,price,0.34176209025252424
1,winery,0.3039358714635228
2,variety,0.12482398055287294
3,vintage,0.11344555285628857
4,province,0.07163429920627933
5,country,0.044398205668512165
