,feature_names,feature_importance
0,price,0.3430139417531417
1,winery,0.30440019922372613
2,variety,0.12312830049748073
3,vintage,0.11255757654967498
4,province,0.07225935646593974
5,country,0.044640625510036676
