,feature_names,feature_importance
0,price,0.34161383544205853
1,winery,0.3042340880951512
2,variety,0.12297681109111806
3,vintage,0.11431286789606852
4,province,0.07226076396596659
5,country,0.044601633509637154
